Landscape,Animals,Flowers,Weather
Forest,Rat,Daisy,Sunny
Woods,Horse,Rose,Rainy
Lake,Cow,Begonia,Cloudy
Mountain,Dog,Tulip,Snow
Corn fields,Bee,Jasmine,Cyclone
Sea,Butterfly,Cactus,Hurricane
Beach,Squirrel,Amaryllis,Fog
Plantation,Cat,Bellflower,Sandstorm
River,Ant,Sunflower,Blizzard
Swamp,Spider,Dahlia,Flood
Desert,Dolphin,Acacia,Lightning
,Eagle,Amapola,
,Pony,Azalea,
,Lobster,Begonia,
,Monkey,Blossom,
,Deer,Camellia,
,Duck,Chrysanthemum,
,Rabbit,Clover,
,Wolf,Gardenia,
,Lion,Iris,
,Pig,Lavender,
,Snake,Lilac,
,Shark,,
,Bird,,
,Bear,,
,Fish,,
,Chicken,,